{"$type":"OverhaulMod.Engine.ArenaAudienceLinePointInfoList, OverhaulMod","Points":{"$type":"System.Collections.Generic.List`1[[OverhaulMod.Engine.ArenaAudienceLinePointInfo, OverhaulMod]], mscorlib","$values":[{"$type":"OverhaulMod.Engine.ArenaAudienceLinePointInfo, OverhaulMod","ID":0,"IsEnd":false,"IsLower":true,"IsMiddle":false,"IsTop":false,"IsVIP":false,"PositionX":-83.12297,"PositionY":24.8997841,"PositionZ":32.2465057,"EulerAnglesX":0.0,"EulerAnglesY":270.0,"EulerAnglesZ":0.0},{"$type":"OverhaulMod.Engine.ArenaAudienceLinePointInfo, OverhaulMod","ID":0,"IsEnd":true,"IsLower":true,"IsMiddle":false,"IsTop":false,"IsVIP":false,"PositionX":-83.12297,"PositionY":24.8997841,"PositionZ":47.9365463,"EulerAnglesX":0.0,"EulerAnglesY":270.0,"EulerAnglesZ":0.0},{"$type":"OverhaulMod.Engine.ArenaAudienceLinePointInfo, OverhaulMod","ID":1,"IsEnd":true,"IsLower":true,"IsMiddle":false,"IsTop":false,"IsVIP":false,"PositionX":-93.98084,"PositionY":36.6343765,"PositionZ":57.66382,"EulerAnglesX":0.0,"EulerAnglesY":0.0,"EulerAnglesZ":0.0},{"$type":"OverhaulMod.Engine.ArenaAudienceLinePointInfo, OverhaulMod","ID":1,"IsEnd":false,"IsLower":true,"IsMiddle":false,"IsTop":false,"IsVIP":false,"PositionX":-93.98084,"PositionY":36.6337471,"PositionZ":32.2465057,"EulerAnglesX":0.0,"EulerAnglesY":0.0,"EulerAnglesZ":0.0},{"$type":"OverhaulMod.Engine.ArenaAudienceLinePointInfo, OverhaulMod","ID":2,"IsEnd":true,"IsLower":true,"IsMiddle":false,"IsTop":false,"IsVIP":false,"PositionX":-105.068069,"PositionY":47.9856567,"PositionZ":67.53474,"EulerAnglesX":0.0,"EulerAnglesY":0.0,"EulerAnglesZ":0.0},{"$type":"OverhaulMod.Engine.ArenaAudienceLinePointInfo, OverhaulMod","ID":2,"IsEnd":false,"IsLower":true,"IsMiddle":false,"IsTop":false,"IsVIP":false,"PositionX":-105.068069,"PositionY":47.9850273,"PositionZ":32.2465057,"EulerAnglesX":0.0,"EulerAnglesY":0.0,"EulerAnglesZ":0.0},{"$type":"OverhaulMod.Engine.ArenaAudienceLinePointInfo, OverhaulMod","ID":3,"IsEnd":true,"IsLower":true,"IsMiddle":false,"IsTop":false,"IsVIP":true,"PositionX":-30.8653011,"PositionY":24.8997841,"PositionZ":55.0888023,"EulerAnglesX":-1.70754731E-06,"EulerAnglesY":89.99997,"EulerAnglesZ":-1.7075464E-06},{"$type":"OverhaulMod.Engine.ArenaAudienceLinePointInfo, OverhaulMod","ID":3,"IsEnd":false,"IsLower":true,"IsMiddle":false,"IsTop":false,"IsVIP":true,"PositionX":-46.55533,"PositionY":24.8997841,"PositionZ":55.0887947,"EulerAnglesX":-1.70754731E-06,"EulerAnglesY":89.99997,"EulerAnglesZ":-1.7075464E-06},{"$type":"OverhaulMod.Engine.ArenaAudienceLinePointInfo, OverhaulMod","ID":4,"IsEnd":false,"IsLower":false,"IsMiddle":true,"IsTop":false,"IsVIP":true,"PositionX":-46.55533,"PositionY":36.7184372,"PositionZ":64.7127457,"EulerAnglesX":-1.70754731E-06,"EulerAnglesY":89.99997,"EulerAnglesZ":-1.7075464E-06},{"$type":"OverhaulMod.Engine.ArenaAudienceLinePointInfo, OverhaulMod","ID":4,"IsEnd":true,"IsLower":false,"IsMiddle":true,"IsTop":false,"IsVIP":true,"PositionX":-30.8653011,"PositionY":36.7184372,"PositionZ":64.71275,"EulerAnglesX":-1.70754731E-06,"EulerAnglesY":89.99997,"EulerAnglesZ":-1.7075464E-06},{"$type":"OverhaulMod.Engine.ArenaAudienceLinePointInfo, OverhaulMod","ID":5,"IsEnd":false,"IsLower":false,"IsMiddle":false,"IsTop":true,"IsVIP":true,"PositionX":-46.55533,"PositionY":48.00593,"PositionZ":75.41997,"EulerAnglesX":-1.70754731E-06,"EulerAnglesY":89.99997,"EulerAnglesZ":-1.7075464E-06},{"$type":"OverhaulMod.Engine.ArenaAudienceLinePointInfo, OverhaulMod","ID":5,"IsEnd":true,"IsLower":false,"IsMiddle":false,"IsTop":true,"IsVIP":true,"PositionX":-30.8653011,"PositionY":48.00593,"PositionZ":75.4199753,"EulerAnglesX":-1.70754731E-06,"EulerAnglesY":89.99997,"EulerAnglesZ":-1.7075464E-06},{"$type":"OverhaulMod.Engine.ArenaAudienceLinePointInfo, OverhaulMod","ID":6,"IsEnd":false,"IsLower":true,"IsMiddle":false,"IsTop":false,"IsVIP":false,"PositionX":-78.15179,"PositionY":24.8997841,"PositionZ":55.0887947,"EulerAnglesX":-1.70754731E-06,"EulerAnglesY":89.99997,"EulerAnglesZ":-1.7075464E-06},{"$type":"OverhaulMod.Engine.ArenaAudienceLinePointInfo, OverhaulMod","ID":7,"IsEnd":false,"IsLower":false,"IsMiddle":true,"IsTop":false,"IsVIP":false,"PositionX":-87.5881958,"PositionY":36.7184372,"PositionZ":64.7127457,"EulerAnglesX":-1.70754731E-06,"EulerAnglesY":89.99997,"EulerAnglesZ":-1.7075464E-06},{"$type":"OverhaulMod.Engine.ArenaAudienceLinePointInfo, OverhaulMod","ID":41,"IsEnd":false,"IsLower":false,"IsMiddle":false,"IsTop":true,"IsVIP":false,"PositionX":-97.6347656,"PositionY":48.00593,"PositionZ":75.41997,"EulerAnglesX":-1.70754731E-06,"EulerAnglesY":89.99997,"EulerAnglesZ":-1.7075464E-06},{"$type":"OverhaulMod.Engine.ArenaAudienceLinePointInfo, OverhaulMod","ID":41,"IsEnd":true,"IsLower":false,"IsMiddle":false,"IsTop":true,"IsVIP":false,"PositionX":-62.46176,"PositionY":48.00593,"PositionZ":75.4199753,"EulerAnglesX":-1.70754731E-06,"EulerAnglesY":89.99997,"EulerAnglesZ":-1.7075464E-06},{"$type":"OverhaulMod.Engine.ArenaAudienceLinePointInfo, OverhaulMod","ID":7,"IsEnd":true,"IsLower":false,"IsMiddle":true,"IsTop":false,"IsVIP":false,"PositionX":-62.46176,"PositionY":36.7184372,"PositionZ":64.71275,"EulerAnglesX":-1.70754731E-06,"EulerAnglesY":89.99997,"EulerAnglesZ":-1.7075464E-06},{"$type":"OverhaulMod.Engine.ArenaAudienceLinePointInfo, OverhaulMod","ID":6,"IsEnd":true,"IsLower":true,"IsMiddle":false,"IsTop":false,"IsVIP":false,"PositionX":-62.46176,"PositionY":24.8997841,"PositionZ":55.0888023,"EulerAnglesX":-1.70754731E-06,"EulerAnglesY":89.99997,"EulerAnglesZ":-1.7075464E-06},{"$type":"OverhaulMod.Engine.ArenaAudienceLinePointInfo, OverhaulMod","ID":9,"IsEnd":false,"IsLower":false,"IsMiddle":true,"IsTop":false,"IsVIP":false,"PositionX":-19.1232452,"PositionY":36.7184372,"PositionZ":64.7127457,"EulerAnglesX":-1.70754731E-06,"EulerAnglesY":89.99997,"EulerAnglesZ":-1.7075464E-06},{"$type":"OverhaulMod.Engine.ArenaAudienceLinePointInfo, OverhaulMod","ID":8,"IsEnd":false,"IsLower":true,"IsMiddle":false,"IsTop":false,"IsVIP":false,"PositionX":-19.1232452,"PositionY":24.8997841,"PositionZ":55.0887947,"EulerAnglesX":-1.70754731E-06,"EulerAnglesY":89.99997,"EulerAnglesZ":-1.7075464E-06},{"$type":"OverhaulMod.Engine.ArenaAudienceLinePointInfo, OverhaulMod","ID":8,"IsEnd":true,"IsLower":true,"IsMiddle":false,"IsTop":false,"IsVIP":false,"PositionX":31.5954933,"PositionY":24.8997841,"PositionZ":55.0888023,"EulerAnglesX":-1.70754731E-06,"EulerAnglesY":89.99997,"EulerAnglesZ":-1.7075464E-06},{"$type":"OverhaulMod.Engine.ArenaAudienceLinePointInfo, OverhaulMod","ID":9,"IsEnd":true,"IsLower":false,"IsMiddle":true,"IsTop":false,"IsVIP":false,"PositionX":31.5954933,"PositionY":36.7184372,"PositionZ":64.71275,"EulerAnglesX":-1.70754731E-06,"EulerAnglesY":89.99997,"EulerAnglesZ":-1.7075464E-06},{"$type":"OverhaulMod.Engine.ArenaAudienceLinePointInfo, OverhaulMod","ID":10,"IsEnd":true,"IsLower":false,"IsMiddle":false,"IsTop":true,"IsVIP":false,"PositionX":31.5954933,"PositionY":48.00593,"PositionZ":75.4199753,"EulerAnglesX":-1.70754731E-06,"EulerAnglesY":89.99997,"EulerAnglesZ":-1.7075464E-06},{"$type":"OverhaulMod.Engine.ArenaAudienceLinePointInfo, OverhaulMod","ID":10,"IsEnd":false,"IsLower":false,"IsMiddle":false,"IsTop":true,"IsVIP":false,"PositionX":-19.1232452,"PositionY":48.00593,"PositionZ":75.41997,"EulerAnglesX":-1.70754731E-06,"EulerAnglesY":89.99997,"EulerAnglesZ":-1.7075464E-06},{"$type":"OverhaulMod.Engine.ArenaAudienceLinePointInfo, OverhaulMod","ID":11,"IsEnd":true,"IsLower":true,"IsMiddle":false,"IsTop":false,"IsVIP":true,"PositionX":59.07859,"PositionY":24.8997841,"PositionZ":55.0888023,"EulerAnglesX":-1.70754731E-06,"EulerAnglesY":89.99997,"EulerAnglesZ":-1.7075464E-06},{"$type":"OverhaulMod.Engine.ArenaAudienceLinePointInfo, OverhaulMod","ID":11,"IsEnd":false,"IsLower":true,"IsMiddle":false,"IsTop":false,"IsVIP":true,"PositionX":43.38856,"PositionY":24.8997841,"PositionZ":55.0887947,"EulerAnglesX":-1.70754731E-06,"EulerAnglesY":89.99997,"EulerAnglesZ":-1.7075464E-06},{"$type":"OverhaulMod.Engine.ArenaAudienceLinePointInfo, OverhaulMod","ID":12,"IsEnd":false,"IsLower":false,"IsMiddle":true,"IsTop":false,"IsVIP":true,"PositionX":43.38856,"PositionY":36.7184372,"PositionZ":64.7127457,"EulerAnglesX":-1.70754731E-06,"EulerAnglesY":89.99997,"EulerAnglesZ":-1.7075464E-06},{"$type":"OverhaulMod.Engine.ArenaAudienceLinePointInfo, OverhaulMod","ID":12,"IsEnd":true,"IsLower":false,"IsMiddle":true,"IsTop":false,"IsVIP":true,"PositionX":59.07859,"PositionY":36.7184372,"PositionZ":64.71275,"EulerAnglesX":-1.70754731E-06,"EulerAnglesY":89.99997,"EulerAnglesZ":-1.7075464E-06},{"$type":"OverhaulMod.Engine.ArenaAudienceLinePointInfo, OverhaulMod","ID":13,"IsEnd":true,"IsLower":false,"IsMiddle":false,"IsTop":true,"IsVIP":true,"PositionX":59.07859,"PositionY":48.00593,"PositionZ":75.4199753,"EulerAnglesX":-1.70754731E-06,"EulerAnglesY":89.99997,"EulerAnglesZ":-1.7075464E-06},{"$type":"OverhaulMod.Engine.ArenaAudienceLinePointInfo, OverhaulMod","ID":13,"IsEnd":false,"IsLower":false,"IsMiddle":false,"IsTop":true,"IsVIP":true,"PositionX":43.38856,"PositionY":48.00593,"PositionZ":75.41997,"EulerAnglesX":-1.70754731E-06,"EulerAnglesY":89.99997,"EulerAnglesZ":-1.7075464E-06},{"$type":"OverhaulMod.Engine.ArenaAudienceLinePointInfo, OverhaulMod","ID":16,"IsEnd":true,"IsLower":false,"IsMiddle":false,"IsTop":true,"IsVIP":false,"PositionX":108.613022,"PositionY":48.00593,"PositionZ":75.4199753,"EulerAnglesX":-1.70754731E-06,"EulerAnglesY":89.99997,"EulerAnglesZ":-1.7075464E-06},{"$type":"OverhaulMod.Engine.ArenaAudienceLinePointInfo, OverhaulMod","ID":15,"IsEnd":true,"IsLower":false,"IsMiddle":true,"IsTop":false,"IsVIP":false,"PositionX":98.7088852,"PositionY":36.7184372,"PositionZ":64.71275,"EulerAnglesX":-1.70754731E-06,"EulerAnglesY":89.99997,"EulerAnglesZ":-1.7075464E-06},{"$type":"OverhaulMod.Engine.ArenaAudienceLinePointInfo, OverhaulMod","ID":14,"IsEnd":true,"IsLower":true,"IsMiddle":false,"IsTop":false,"IsVIP":false,"PositionX":90.00923,"PositionY":24.8997841,"PositionZ":55.0888023,"EulerAnglesX":-1.70754731E-06,"EulerAnglesY":89.99997,"EulerAnglesZ":-1.7075464E-06},{"$type":"OverhaulMod.Engine.ArenaAudienceLinePointInfo, OverhaulMod","ID":14,"IsEnd":false,"IsLower":true,"IsMiddle":false,"IsTop":false,"IsVIP":false,"PositionX":70.1671448,"PositionY":24.8997841,"PositionZ":55.0887947,"EulerAnglesX":-1.70754731E-06,"EulerAnglesY":89.99997,"EulerAnglesZ":-1.7075464E-06},{"$type":"OverhaulMod.Engine.ArenaAudienceLinePointInfo, OverhaulMod","ID":15,"IsEnd":false,"IsLower":false,"IsMiddle":true,"IsTop":false,"IsVIP":false,"PositionX":70.1671448,"PositionY":36.7184372,"PositionZ":64.7127457,"EulerAnglesX":-1.70754731E-06,"EulerAnglesY":89.99997,"EulerAnglesZ":-1.7075464E-06},{"$type":"OverhaulMod.Engine.ArenaAudienceLinePointInfo, OverhaulMod","ID":16,"IsEnd":false,"IsLower":false,"IsMiddle":false,"IsTop":true,"IsVIP":false,"PositionX":70.1671448,"PositionY":48.00593,"PositionZ":75.41997,"EulerAnglesX":-1.70754731E-06,"EulerAnglesY":89.99997,"EulerAnglesZ":-1.7075464E-06},{"$type":"OverhaulMod.Engine.ArenaAudienceLinePointInfo, OverhaulMod","ID":17,"IsEnd":true,"IsLower":true,"IsMiddle":false,"IsTop":false,"IsVIP":false,"PositionX":95.1871948,"PositionY":24.8997841,"PositionZ":47.9365463,"EulerAnglesX":0.0,"EulerAnglesY":270.0,"EulerAnglesZ":0.0},{"$type":"OverhaulMod.Engine.ArenaAudienceLinePointInfo, OverhaulMod","ID":17,"IsEnd":false,"IsLower":true,"IsMiddle":false,"IsTop":false,"IsVIP":false,"PositionX":95.1871948,"PositionY":24.8997841,"PositionZ":32.2465057,"EulerAnglesX":0.0,"EulerAnglesY":270.0,"EulerAnglesZ":0.0},{"$type":"OverhaulMod.Engine.ArenaAudienceLinePointInfo, OverhaulMod","ID":18,"IsEnd":false,"IsLower":true,"IsMiddle":false,"IsTop":false,"IsVIP":false,"PositionX":104.808273,"PositionY":36.6337471,"PositionZ":32.2465057,"EulerAnglesX":0.0,"EulerAnglesY":0.0,"EulerAnglesZ":0.0},{"$type":"OverhaulMod.Engine.ArenaAudienceLinePointInfo, OverhaulMod","ID":18,"IsEnd":true,"IsLower":true,"IsMiddle":false,"IsTop":false,"IsVIP":false,"PositionX":104.808273,"PositionY":36.6343765,"PositionZ":57.66382,"EulerAnglesX":0.0,"EulerAnglesY":0.0,"EulerAnglesZ":0.0},{"$type":"OverhaulMod.Engine.ArenaAudienceLinePointInfo, OverhaulMod","ID":19,"IsEnd":true,"IsLower":true,"IsMiddle":false,"IsTop":false,"IsVIP":false,"PositionX":115.922791,"PositionY":47.9856567,"PositionZ":67.53474,"EulerAnglesX":0.0,"EulerAnglesY":0.0,"EulerAnglesZ":0.0},{"$type":"OverhaulMod.Engine.ArenaAudienceLinePointInfo, OverhaulMod","ID":19,"IsEnd":false,"IsLower":true,"IsMiddle":false,"IsTop":false,"IsVIP":false,"PositionX":115.922791,"PositionY":47.9850273,"PositionZ":32.2465057,"EulerAnglesX":0.0,"EulerAnglesY":0.0,"EulerAnglesZ":0.0},{"$type":"OverhaulMod.Engine.ArenaAudienceLinePointInfo, OverhaulMod","ID":20,"IsEnd":false,"IsLower":true,"IsMiddle":false,"IsTop":false,"IsVIP":false,"PositionX":94.41448,"PositionY":24.8997841,"PositionZ":-31.9342613,"EulerAnglesX":0.0,"EulerAnglesY":89.99994,"EulerAnglesZ":0.0},{"$type":"OverhaulMod.Engine.ArenaAudienceLinePointInfo, OverhaulMod","ID":20,"IsEnd":true,"IsLower":true,"IsMiddle":false,"IsTop":false,"IsVIP":false,"PositionX":94.41448,"PositionY":24.8997841,"PositionZ":-47.6242867,"EulerAnglesX":0.0,"EulerAnglesY":89.99994,"EulerAnglesZ":0.0},{"$type":"OverhaulMod.Engine.ArenaAudienceLinePointInfo, OverhaulMod","ID":21,"IsEnd":true,"IsLower":true,"IsMiddle":false,"IsTop":false,"IsVIP":false,"PositionX":105.272346,"PositionY":36.6343765,"PositionZ":-57.3515739,"EulerAnglesX":0.0,"EulerAnglesY":179.999939,"EulerAnglesZ":0.0},{"$type":"OverhaulMod.Engine.ArenaAudienceLinePointInfo, OverhaulMod","ID":21,"IsEnd":false,"IsLower":true,"IsMiddle":false,"IsTop":false,"IsVIP":false,"PositionX":105.272354,"PositionY":36.6337471,"PositionZ":-31.9342537,"EulerAnglesX":0.0,"EulerAnglesY":179.999939,"EulerAnglesZ":0.0},{"$type":"OverhaulMod.Engine.ArenaAudienceLinePointInfo, OverhaulMod","ID":22,"IsEnd":true,"IsLower":true,"IsMiddle":false,"IsTop":false,"IsVIP":false,"PositionX":116.359573,"PositionY":47.9856567,"PositionZ":-67.22247,"EulerAnglesX":0.0,"EulerAnglesY":179.999939,"EulerAnglesZ":0.0},{"$type":"OverhaulMod.Engine.ArenaAudienceLinePointInfo, OverhaulMod","ID":22,"IsEnd":false,"IsLower":true,"IsMiddle":false,"IsTop":false,"IsVIP":false,"PositionX":116.359573,"PositionY":47.9850273,"PositionZ":-31.9342613,"EulerAnglesX":0.0,"EulerAnglesY":179.999939,"EulerAnglesZ":0.0},{"$type":"OverhaulMod.Engine.ArenaAudienceLinePointInfo, OverhaulMod","ID":26,"IsEnd":true,"IsLower":true,"IsMiddle":false,"IsTop":false,"IsVIP":true,"PositionX":43.3296661,"PositionY":24.8997841,"PositionZ":-54.77654,"EulerAnglesX":-1.70754811E-06,"EulerAnglesY":269.999878,"EulerAnglesZ":-1.70754629E-06},{"$type":"OverhaulMod.Engine.ArenaAudienceLinePointInfo, OverhaulMod","ID":26,"IsEnd":false,"IsLower":true,"IsMiddle":false,"IsTop":false,"IsVIP":true,"PositionX":59.01969,"PositionY":24.8997841,"PositionZ":-54.77654,"EulerAnglesX":-1.70754811E-06,"EulerAnglesY":269.999878,"EulerAnglesZ":-1.70754629E-06},{"$type":"OverhaulMod.Engine.ArenaAudienceLinePointInfo, OverhaulMod","ID":27,"IsEnd":false,"IsLower":false,"IsMiddle":true,"IsTop":false,"IsVIP":true,"PositionX":59.01969,"PositionY":36.7184372,"PositionZ":-64.4005,"EulerAnglesX":-1.70754811E-06,"EulerAnglesY":269.999878,"EulerAnglesZ":-1.70754629E-06},{"$type":"OverhaulMod.Engine.ArenaAudienceLinePointInfo, OverhaulMod","ID":27,"IsEnd":true,"IsLower":false,"IsMiddle":true,"IsTop":false,"IsVIP":true,"PositionX":43.32966,"PositionY":36.7184372,"PositionZ":-64.4005,"EulerAnglesX":-1.70754811E-06,"EulerAnglesY":269.999878,"EulerAnglesZ":-1.70754629E-06},{"$type":"OverhaulMod.Engine.ArenaAudienceLinePointInfo, OverhaulMod","ID":28,"IsEnd":false,"IsLower":false,"IsMiddle":false,"IsTop":true,"IsVIP":true,"PositionX":59.01968,"PositionY":48.00593,"PositionZ":-75.10771,"EulerAnglesX":-1.70754811E-06,"EulerAnglesY":269.999878,"EulerAnglesZ":-1.70754629E-06},{"$type":"OverhaulMod.Engine.ArenaAudienceLinePointInfo, OverhaulMod","ID":28,"IsEnd":true,"IsLower":false,"IsMiddle":false,"IsTop":true,"IsVIP":true,"PositionX":43.3296471,"PositionY":48.00593,"PositionZ":-75.10771,"EulerAnglesX":-1.70754811E-06,"EulerAnglesY":269.999878,"EulerAnglesZ":-1.70754629E-06},{"$type":"OverhaulMod.Engine.ArenaAudienceLinePointInfo, OverhaulMod","ID":23,"IsEnd":false,"IsLower":true,"IsMiddle":false,"IsTop":false,"IsVIP":false,"PositionX":89.44328,"PositionY":24.8997841,"PositionZ":-54.77654,"EulerAnglesX":-1.70754811E-06,"EulerAnglesY":269.999878,"EulerAnglesZ":-1.70754629E-06},{"$type":"OverhaulMod.Engine.ArenaAudienceLinePointInfo, OverhaulMod","ID":24,"IsEnd":false,"IsLower":false,"IsMiddle":true,"IsTop":false,"IsVIP":false,"PositionX":98.87969,"PositionY":36.7184372,"PositionZ":-64.4005,"EulerAnglesX":-1.70754811E-06,"EulerAnglesY":269.999878,"EulerAnglesZ":-1.70754629E-06},{"$type":"OverhaulMod.Engine.ArenaAudienceLinePointInfo, OverhaulMod","ID":25,"IsEnd":false,"IsLower":false,"IsMiddle":false,"IsTop":true,"IsVIP":false,"PositionX":108.926262,"PositionY":48.00593,"PositionZ":-75.10773,"EulerAnglesX":-1.70754811E-06,"EulerAnglesY":269.999878,"EulerAnglesZ":-1.70754629E-06},{"$type":"OverhaulMod.Engine.ArenaAudienceLinePointInfo, OverhaulMod","ID":25,"IsEnd":true,"IsLower":false,"IsMiddle":false,"IsTop":true,"IsVIP":false,"PositionX":73.75326,"PositionY":48.00593,"PositionZ":-75.10771,"EulerAnglesX":-1.70754811E-06,"EulerAnglesY":269.999878,"EulerAnglesZ":-1.70754629E-06},{"$type":"OverhaulMod.Engine.ArenaAudienceLinePointInfo, OverhaulMod","ID":24,"IsEnd":true,"IsLower":false,"IsMiddle":true,"IsTop":false,"IsVIP":false,"PositionX":73.75325,"PositionY":36.7184372,"PositionZ":-64.40051,"EulerAnglesX":-1.70754811E-06,"EulerAnglesY":269.999878,"EulerAnglesZ":-1.70754629E-06},{"$type":"OverhaulMod.Engine.ArenaAudienceLinePointInfo, OverhaulMod","ID":23,"IsEnd":true,"IsLower":true,"IsMiddle":false,"IsTop":false,"IsVIP":false,"PositionX":73.75326,"PositionY":24.8997841,"PositionZ":-54.77654,"EulerAnglesX":-1.70754811E-06,"EulerAnglesY":269.999878,"EulerAnglesZ":-1.70754629E-06},{"$type":"OverhaulMod.Engine.ArenaAudienceLinePointInfo, OverhaulMod","ID":30,"IsEnd":false,"IsLower":false,"IsMiddle":true,"IsTop":false,"IsVIP":false,"PositionX":31.587595,"PositionY":36.7184372,"PositionZ":-64.40048,"EulerAnglesX":-1.70754811E-06,"EulerAnglesY":269.999878,"EulerAnglesZ":-1.70754629E-06},{"$type":"OverhaulMod.Engine.ArenaAudienceLinePointInfo, OverhaulMod","ID":29,"IsEnd":false,"IsLower":true,"IsMiddle":false,"IsTop":false,"IsVIP":false,"PositionX":31.5875988,"PositionY":24.8997841,"PositionZ":-54.7765236,"EulerAnglesX":-1.70754811E-06,"EulerAnglesY":269.999878,"EulerAnglesZ":-1.70754629E-06},{"$type":"OverhaulMod.Engine.ArenaAudienceLinePointInfo, OverhaulMod","ID":29,"IsEnd":true,"IsLower":true,"IsMiddle":false,"IsTop":false,"IsVIP":false,"PositionX":-19.1311455,"PositionY":24.8997841,"PositionZ":-54.776516,"EulerAnglesX":-1.70754811E-06,"EulerAnglesY":269.999878,"EulerAnglesZ":-1.70754629E-06},{"$type":"OverhaulMod.Engine.ArenaAudienceLinePointInfo, OverhaulMod","ID":30,"IsEnd":true,"IsLower":false,"IsMiddle":true,"IsTop":false,"IsVIP":false,"PositionX":-19.1311417,"PositionY":36.7184372,"PositionZ":-64.40047,"EulerAnglesX":-1.70754811E-06,"EulerAnglesY":269.999878,"EulerAnglesZ":-1.70754629E-06},{"$type":"OverhaulMod.Engine.ArenaAudienceLinePointInfo, OverhaulMod","ID":31,"IsEnd":true,"IsLower":false,"IsMiddle":false,"IsTop":true,"IsVIP":false,"PositionX":-19.13115,"PositionY":48.00507,"PositionZ":-75.10768,"EulerAnglesX":-1.70754811E-06,"EulerAnglesY":269.999878,"EulerAnglesZ":-1.70754629E-06},{"$type":"OverhaulMod.Engine.ArenaAudienceLinePointInfo, OverhaulMod","ID":31,"IsEnd":false,"IsLower":false,"IsMiddle":false,"IsTop":true,"IsVIP":false,"PositionX":31.58759,"PositionY":48.00593,"PositionZ":-75.1077,"EulerAnglesX":-1.70754811E-06,"EulerAnglesY":269.999878,"EulerAnglesZ":-1.70754629E-06},{"$type":"OverhaulMod.Engine.ArenaAudienceLinePointInfo, OverhaulMod","ID":32,"IsEnd":true,"IsLower":true,"IsMiddle":false,"IsTop":false,"IsVIP":true,"PositionX":-46.6142273,"PositionY":24.8997841,"PositionZ":-54.77651,"EulerAnglesX":-1.70754811E-06,"EulerAnglesY":269.999878,"EulerAnglesZ":-1.70754629E-06},{"$type":"OverhaulMod.Engine.ArenaAudienceLinePointInfo, OverhaulMod","ID":32,"IsEnd":false,"IsLower":true,"IsMiddle":false,"IsTop":false,"IsVIP":true,"PositionX":-30.9242058,"PositionY":24.8997841,"PositionZ":-54.7765,"EulerAnglesX":-1.70754811E-06,"EulerAnglesY":269.999878,"EulerAnglesZ":-1.70754629E-06},{"$type":"OverhaulMod.Engine.ArenaAudienceLinePointInfo, OverhaulMod","ID":33,"IsEnd":false,"IsLower":false,"IsMiddle":true,"IsTop":false,"IsVIP":true,"PositionX":-30.9242134,"PositionY":36.7184372,"PositionZ":-64.40045,"EulerAnglesX":-1.70754811E-06,"EulerAnglesY":269.999878,"EulerAnglesZ":-1.70754629E-06},{"$type":"OverhaulMod.Engine.ArenaAudienceLinePointInfo, OverhaulMod","ID":33,"IsEnd":true,"IsLower":false,"IsMiddle":true,"IsTop":false,"IsVIP":true,"PositionX":-46.61424,"PositionY":36.7184372,"PositionZ":-64.40045,"EulerAnglesX":-1.70754811E-06,"EulerAnglesY":269.999878,"EulerAnglesZ":-1.70754629E-06},{"$type":"OverhaulMod.Engine.ArenaAudienceLinePointInfo, OverhaulMod","ID":34,"IsEnd":true,"IsLower":false,"IsMiddle":false,"IsTop":true,"IsVIP":true,"PositionX":-46.61424,"PositionY":48.00593,"PositionZ":-75.10768,"EulerAnglesX":-1.70754811E-06,"EulerAnglesY":269.999878,"EulerAnglesZ":-1.70754629E-06},{"$type":"OverhaulMod.Engine.ArenaAudienceLinePointInfo, OverhaulMod","ID":34,"IsEnd":false,"IsLower":false,"IsMiddle":false,"IsTop":true,"IsVIP":true,"PositionX":-30.92421,"PositionY":48.00593,"PositionZ":-75.10768,"EulerAnglesX":-1.70754811E-06,"EulerAnglesY":269.999878,"EulerAnglesZ":-1.70754629E-06},{"$type":"OverhaulMod.Engine.ArenaAudienceLinePointInfo, OverhaulMod","ID":37,"IsEnd":true,"IsLower":false,"IsMiddle":false,"IsTop":true,"IsVIP":false,"PositionX":-97.32154,"PositionY":48.00593,"PositionZ":-75.10768,"EulerAnglesX":-1.70754811E-06,"EulerAnglesY":269.999878,"EulerAnglesZ":-1.70754629E-06},{"$type":"OverhaulMod.Engine.ArenaAudienceLinePointInfo, OverhaulMod","ID":36,"IsEnd":true,"IsLower":false,"IsMiddle":true,"IsTop":false,"IsVIP":false,"PositionX":-87.41739,"PositionY":36.7184372,"PositionZ":-64.40044,"EulerAnglesX":-1.70754811E-06,"EulerAnglesY":269.999878,"EulerAnglesZ":-1.70754629E-06},{"$type":"OverhaulMod.Engine.ArenaAudienceLinePointInfo, OverhaulMod","ID":35,"IsEnd":true,"IsLower":true,"IsMiddle":false,"IsTop":false,"IsVIP":false,"PositionX":-78.7177353,"PositionY":24.8997841,"PositionZ":-54.7764931,"EulerAnglesX":-1.70754811E-06,"EulerAnglesY":269.999878,"EulerAnglesZ":-1.70754629E-06},{"$type":"OverhaulMod.Engine.ArenaAudienceLinePointInfo, OverhaulMod","ID":35,"IsEnd":false,"IsLower":true,"IsMiddle":false,"IsTop":false,"IsVIP":false,"PositionX":-58.8756447,"PositionY":24.8997841,"PositionZ":-54.7764931,"EulerAnglesX":-1.70754811E-06,"EulerAnglesY":269.999878,"EulerAnglesZ":-1.70754629E-06},{"$type":"OverhaulMod.Engine.ArenaAudienceLinePointInfo, OverhaulMod","ID":36,"IsEnd":false,"IsLower":false,"IsMiddle":true,"IsTop":false,"IsVIP":false,"PositionX":-58.8756447,"PositionY":36.7184372,"PositionZ":-64.40045,"EulerAnglesX":-1.70754811E-06,"EulerAnglesY":269.999878,"EulerAnglesZ":-1.70754629E-06},{"$type":"OverhaulMod.Engine.ArenaAudienceLinePointInfo, OverhaulMod","ID":37,"IsEnd":false,"IsLower":false,"IsMiddle":false,"IsTop":true,"IsVIP":false,"PositionX":-58.87566,"PositionY":48.00593,"PositionZ":-75.107666,"EulerAnglesX":-1.70754811E-06,"EulerAnglesY":269.999878,"EulerAnglesZ":-1.70754629E-06},{"$type":"OverhaulMod.Engine.ArenaAudienceLinePointInfo, OverhaulMod","ID":38,"IsEnd":true,"IsLower":true,"IsMiddle":false,"IsTop":false,"IsVIP":false,"PositionX":-83.89571,"PositionY":24.8997841,"PositionZ":-47.6242256,"EulerAnglesX":0.0,"EulerAnglesY":89.99994,"EulerAnglesZ":0.0},{"$type":"OverhaulMod.Engine.ArenaAudienceLinePointInfo, OverhaulMod","ID":38,"IsEnd":false,"IsLower":true,"IsMiddle":false,"IsTop":false,"IsVIP":false,"PositionX":-83.8957,"PositionY":24.8997841,"PositionZ":-31.9342,"EulerAnglesX":0.0,"EulerAnglesY":89.99994,"EulerAnglesZ":0.0},{"$type":"OverhaulMod.Engine.ArenaAudienceLinePointInfo, OverhaulMod","ID":39,"IsEnd":false,"IsLower":true,"IsMiddle":false,"IsTop":false,"IsVIP":false,"PositionX":-93.5167847,"PositionY":36.6337471,"PositionZ":-31.9341927,"EulerAnglesX":0.0,"EulerAnglesY":179.999939,"EulerAnglesZ":0.0},{"$type":"OverhaulMod.Engine.ArenaAudienceLinePointInfo, OverhaulMod","ID":39,"IsEnd":true,"IsLower":true,"IsMiddle":false,"IsTop":false,"IsVIP":false,"PositionX":-93.51678,"PositionY":36.6343765,"PositionZ":-57.3514977,"EulerAnglesX":0.0,"EulerAnglesY":179.999939,"EulerAnglesZ":0.0},{"$type":"OverhaulMod.Engine.ArenaAudienceLinePointInfo, OverhaulMod","ID":40,"IsEnd":true,"IsLower":true,"IsMiddle":false,"IsTop":false,"IsVIP":false,"PositionX":-104.631317,"PositionY":47.9856567,"PositionZ":-67.22241,"EulerAnglesX":0.0,"EulerAnglesY":179.999939,"EulerAnglesZ":0.0},{"$type":"OverhaulMod.Engine.ArenaAudienceLinePointInfo, OverhaulMod","ID":40,"IsEnd":false,"IsLower":true,"IsMiddle":false,"IsTop":false,"IsVIP":false,"PositionX":-104.63131,"PositionY":47.9850273,"PositionZ":-31.9341812,"EulerAnglesX":0.0,"EulerAnglesY":179.999939,"EulerAnglesZ":0.0}]}}