{"$type":"OverhaulMod.Engine.ModLevelDescriptionList, OverhaulMod","LevelDescriptions":{"$type":"System.Collections.Generic.List`1[[LevelDescription, Assembly-CSharp]], mscorlib","$values":[{"$type":"LevelDescription, Assembly-CSharp","LevelID":"NightmariumTest1","PrefabName":null,"LevelJSONPath":"ScytheBots_1.json","WorkshopItem":null,"EnemyCounts":null,"ProgressTrigger":0,"LevelTags":null,"DifficultyTier":9,"FirstLevelIfProgressReached":0,"LevelEditorDifficultyIndex":0,"IsPlayfabHostedLevel":false,"IsStreamedMultiplayerLevel":false,"GeneratedUniqueID":null},{"$type":"LevelDescription, Assembly-CSharp","LevelID":"NightmariumTest2","PrefabName":null,"LevelJSONPath":"ScytheBots_2.json","WorkshopItem":null,"EnemyCounts":null,"ProgressTrigger":0,"LevelTags":null,"DifficultyTier":9,"FirstLevelIfProgressReached":0,"LevelEditorDifficultyIndex":0,"IsPlayfabHostedLevel":false,"IsStreamedMultiplayerLevel":false,"GeneratedUniqueID":null},{"$type":"LevelDescription, Assembly-CSharp","LevelID":"NightmariumTest3","PrefabName":null,"LevelJSONPath":"","WorkshopItem":null,"EnemyCounts":null,"ProgressTrigger":0,"LevelTags":null,"DifficultyTier":9,"FirstLevelIfProgressReached":0,"LevelEditorDifficultyIndex":0,"IsPlayfabHostedLevel":false,"IsStreamedMultiplayerLevel":false,"GeneratedUniqueID":null},{"$type":"LevelDescription, Assembly-CSharp","LevelID":"Story10_Rework","PrefabName":null,"LevelJSONPath":"StoryC1_10_Rework.json","WorkshopItem":null,"EnemyCounts":null,"ProgressTrigger":0,"LevelTags":null,"DifficultyTier":0,"FirstLevelIfProgressReached":0,"LevelEditorDifficultyIndex":0,"IsPlayfabHostedLevel":false,"IsStreamedMultiplayerLevel":false,"GeneratedUniqueID":null}]}}